Year,Month,ForecastAmount
2024,Jan,60000.0
2024,Feb,64255.98
2024,Mar,67690.3
2024,Apr,69682.46
2024,May,69965.08
2024,Jun,68689.31
2024,Jul,66387.84
2024,Aug,63844.52
2024,Sep,61902.38
2024,Oct,61257.29
2024,Nov,62287.53
2024,Dec,64961.22
2025,Jan,68844.09
2025,Feb,73205.84
2025,Mar,77198.91
2025,Apr,80066.0
2025,May,81325.51
2025,Jun,80889.41
2025,Jul,79084.83
2025,Aug,76573.94
2025,Sep,74191.85
2025,Oct,72742.13
2025,Nov,72800.07
2025,Dec,74571.83
2026,Jan,77843.99
2026,Feb,82035.75
2026,Mar,86341.17
2026,Apr,89926.49
2026,May,92134.25
2026,Jun,92644.27
2026,Jul,91552.01
2026,Aug,89345.27
2026,Sep,86784.68
2026,Oct,84717.5
2026,Nov,83870.22
2026,Dec,84670.62
