OrderID,OrderDate,ShipDate,CustomerKey,ProductKey,TerritoryKey,Quantity,SalesAmount,CostAmount
1001,2024-03-21,2024-03-25,7,5,2,5,449.35,225.0
1002,2024-06-30,2024-07-01,6,10,3,4,182.45,80.0
1003,2025-04-06,2025-04-07,9,5,3,2,186.76,90.0
1004,2025-12-04,2025-12-08,5,9,3,3,179.13,90.0
1005,2024-03-23,2024-03-26,9,1,4,5,4196.38,2500.0
1006,2024-05-28,2024-06-01,8,4,1,5,309.55,150.0
1007,2025-09-02,2025-09-06,8,2,2,3,3194.81,2100.0
1008,2025-05-06,2025-05-07,8,7,4,4,83.56,32.0
1009,2025-01-04,2025-01-06,10,4,1,3,164.2,90.0
1010,2025-02-20,2025-02-21,7,5,2,2,178.9,90.0
1011,2026-04-26,2026-04-29,2,9,3,4,242.61,120.0
1012,2025-11-22,2025-11-27,5,9,4,2,120.77,60.0
1013,2024-08-03,2024-08-07,7,2,4,1,1057.5,700.0
1014,2025-12-18,2025-12-22,8,7,2,4,81.02,32.0
1015,2025-05-15,2025-05-18,6,6,1,1,31.48,15.0
1016,2025-01-30,2025-02-03,7,5,4,3,272.71,135.0
1017,2025-06-01,2025-06-05,6,6,1,3,97.83,45.0
1018,2025-06-26,2025-06-27,4,5,4,2,170.9,90.0
1019,2026-06-12,2026-06-17,1,3,4,1,1020.62,650.0
1020,2026-04-05,2026-04-07,5,7,1,3,60.8,24.0
1021,2026-06-15,2026-06-19,5,5,2,5,408.77,225.0
1022,2024-10-27,2024-10-28,2,1,4,4,3258.97,2000.0
1023,2025-10-07,2025-10-08,10,6,4,1,34.94,15.0
1024,2025-03-22,2025-03-25,2,4,1,2,118.46,60.0
1025,2025-06-30,2025-07-02,10,1,2,1,886.99,500.0
1026,2024-11-25,2024-11-30,5,7,2,2,41.79,16.0
1027,2024-08-25,2024-08-29,3,8,4,3,208.41,105.0
1028,2024-03-12,2024-03-13,5,10,1,3,123.44,60.0
1029,2025-10-11,2025-10-13,9,6,3,1,35.9,15.0
1030,2024-01-18,2024-01-22,5,8,3,3,221.99,105.0
1031,2024-05-06,2024-05-09,1,7,3,1,19.01,8.0
1032,2025-12-09,2025-12-10,2,5,1,2,162.82,90.0
1033,2025-09-01,2025-09-02,2,6,4,1,36.3,15.0
1034,2026-06-09,2026-06-12,5,4,3,3,159.1,90.0
1035,2024-05-16,2024-05-21,5,5,2,4,321.86,180.0
1036,2024-09-05,2024-09-08,7,5,2,5,439.74,225.0
1037,2025-05-03,2025-05-06,9,3,4,2,2130.73,1300.0
1038,2026-02-03,2026-02-06,3,1,2,5,4387.48,2500.0
1039,2025-05-03,2025-05-04,4,6,2,1,34.8,15.0
1040,2024-04-16,2024-04-18,3,7,3,4,80.85,32.0
1041,2024-10-15,2024-10-16,7,10,4,2,79.77,40.0
1042,2024-05-07,2024-05-10,6,4,2,5,305.22,150.0
1043,2026-05-16,2026-05-18,3,10,3,2,87.08,40.0
1044,2026-03-25,2026-03-27,10,10,1,1,39.94,20.0
1045,2024-09-25,2024-09-28,10,10,1,5,226.63,100.0
1046,2026-01-31,2026-02-05,3,9,1,3,182.07,90.0
1047,2024-01-20,2024-01-24,4,7,2,2,35.84,16.0
1048,2025-10-24,2025-10-28,4,3,1,5,5065.31,3250.0
1049,2024-01-29,2024-01-30,1,9,4,1,59.18,30.0
1050,2024-11-26,2024-11-29,8,9,1,1,60.63,30.0
1051,2026-06-17,2026-06-21,4,10,2,3,122.1,60.0
1052,2026-04-20,2026-04-21,2,3,2,1,1094.72,650.0
1053,2026-05-22,2026-05-23,3,6,4,4,137.03,60.0
1054,2025-01-10,2025-01-11,9,9,1,4,261.46,120.0
1055,2026-01-13,2026-01-14,5,2,3,5,5685.53,3500.0
1056,2026-05-25,2026-05-27,2,5,3,4,375.28,180.0
1057,2025-04-13,2025-04-15,10,10,2,1,43.85,20.0
1058,2024-05-13,2024-05-17,9,2,3,1,1141.5,700.0
1059,2024-01-06,2024-01-11,2,6,1,5,177.93,75.0
1060,2025-01-23,2025-01-26,7,8,4,1,67.39,35.0
1061,2024-09-16,2024-09-21,3,8,2,2,145.53,70.0
1062,2025-11-19,2025-11-23,10,9,4,4,247.04,120.0
1063,2024-04-17,2024-04-19,10,5,1,4,369.89,180.0
1064,2024-09-03,2024-09-06,6,3,2,2,2215.01,1300.0
1065,2026-01-26,2026-01-31,10,2,4,1,1177.26,700.0
1066,2024-11-18,2024-11-19,2,9,2,2,117.58,60.0
1067,2026-04-03,2026-04-08,6,2,1,2,2174.67,1400.0
1068,2025-02-14,2025-02-15,6,1,3,1,773.24,500.0
1069,2026-01-17,2026-01-18,5,6,3,4,132.57,60.0
1070,2026-01-15,2026-01-17,10,6,3,5,179.32,75.0
1071,2025-04-27,2025-04-28,5,2,4,2,2213.75,1400.0
1072,2025-08-01,2025-08-04,10,5,2,1,84.92,45.0
1073,2026-04-13,2026-04-16,9,2,1,5,5333.0,3500.0
1074,2024-12-29,2025-01-03,7,1,4,5,4392.17,2500.0
1075,2024-08-03,2024-08-08,4,9,3,4,257.2,120.0
1076,2025-07-08,2025-07-12,8,2,4,3,3482.7,2100.0
1077,2026-05-20,2026-05-25,9,5,4,2,177.97,90.0
1078,2024-08-12,2024-08-14,1,2,2,3,3423.14,2100.0
1079,2025-06-27,2025-06-29,4,4,3,2,112.28,60.0
1080,2025-01-25,2025-01-27,2,7,1,2,41.65,16.0
1081,2025-08-26,2025-08-31,9,5,4,2,174.78,90.0
1082,2026-05-14,2026-05-19,5,7,1,5,97.06,40.0
1083,2025-11-20,2025-11-24,1,3,1,4,4023.4,2600.0
1084,2025-06-21,2025-06-25,6,9,4,1,63.99,30.0
1085,2025-07-26,2025-07-27,7,8,3,1,77.93,35.0
1086,2025-10-13,2025-10-14,10,10,1,5,220.71,100.0
1087,2025-02-04,2025-02-08,10,8,4,5,346.15,175.0
1088,2025-10-11,2025-10-14,1,1,3,4,3091.01,2000.0
1089,2024-04-26,2024-04-29,1,6,2,3,101.73,45.0
1090,2025-10-16,2025-10-20,10,8,3,3,220.93,105.0
1091,2024-05-05,2024-05-10,9,2,4,1,1073.89,700.0
1092,2025-03-15,2025-03-19,8,5,4,4,357.88,180.0
1093,2025-10-19,2025-10-21,8,9,4,4,240.76,120.0
1094,2025-12-16,2025-12-18,6,4,2,1,54.31,30.0
1095,2024-03-18,2024-03-23,6,5,3,2,180.73,90.0
1096,2024-06-07,2024-06-10,10,10,2,4,173.07,80.0
1097,2024-05-05,2024-05-07,7,10,1,4,187.51,80.0
1098,2025-01-16,2025-01-17,3,9,4,4,234.19,120.0
1099,2025-03-06,2025-03-09,1,7,3,1,19.14,8.0
1100,2025-10-12,2025-10-17,5,3,4,3,3152.14,1950.0
